Month,Hours
Mar-21,132.3935484
Apr-21,93.38
May-21,123.7032258
Jun-21,176.36
Jul-21,119.8967742
Aug-21,210.5064516
Sep-21,168.5666667
Oct-21,176.9903226
Nov-21,146.57
Dec-21,126.3290323
Jan-22,120.3967742
Feb-22,155.7071429
Mar-22,175.0125