{
    "lang": {
        "R": 8.314,
        "error": 0.000002,
        "dH" : -19.51,
        "dS" : -0.01,
        "Q" : 0.0001,
        "molarMass": 584.910641
    }
}
